is_new,date_added,fit_score,title,company,contact,salary,city,commute_min,why_fit,enriched,board,link
True,2026-10-04,64,Account Executive - Education,,,173763,Manhattan,55,"tech affinity + AI/automation projects; strong AI/automation interest, built AI tools",yes,adzuna,https://www.adzuna.com/land/ad/5911100423?se=GA0u0ArA8RGompVZqO9Fmg&utm_medium=api&utm_source=946f5d01&v=C5B70C2B411AE761B7F28C59F89415DF2A049D19
True,2026-10-04,61,Digital Account Executive - Public Sector,,,130485,Manhattan,55,"strong AI/automation interest, built AI tools; customer relationship management",yes,adzuna,https://www.adzuna.com/land/ad/5911044148?se=GA0u0ArA8RGompVZqO9Fmg&utm_medium=api&utm_source=946f5d01&v=2C6516DFB2B4FC711DE56D0071F6A025F797B47F
True,2026-10-04,59,Account Executive - North America,,,146647,Manhattan,55,tech affinity + AI/automation projects; goal-oriented sales environments,yes,adzuna,https://www.adzuna.com/land/ad/5911089425?se=GA0u0ArA8RGompVZqO9Fmg&utm_medium=api&utm_source=946f5d01&v=8CD8A38439FE7D47C9830ADC572C5FCF3231EF5D
True,2026-10-04,58,Specialized Account Executive - CLM & Document AI,,,188657,Manhattan,55,"strong AI/automation interest, built AI tools",yes,adzuna,https://www.adzuna.com/land/ad/5911276325?se=GA0u0ArA8RGompVZqO9Fmg&utm_medium=api&utm_source=946f5d01&v=E60B6FC6A34AB9D93F8116A085363AE268D200F0
True,2026-10-04,58,"Account Executive, Data Sales",,,180771,Manhattan,55,"strong AI/automation interest, built AI tools",yes,adzuna,https://www.adzuna.com/land/ad/5910989590?se=GA0u0ArA8RGompVZqO9Fmg&utm_medium=api&utm_source=946f5d01&v=923EC9F9B9087B2439AAB0A7C8C53A49E2CAC59A
True,2026-10-04,58,Enterprise Account Executive - NY,,,175467,Manhattan,55,"strong AI/automation interest, built AI tools",yes,adzuna,https://www.adzuna.com/land/ad/5910257305?se=GA0u0ArA8RGompVZqO9Fmg&utm_medium=api&utm_source=946f5d01&v=3A6CDF62D7C30B6F84FCCBADD03FB94B7F54A995
True,2026-10-04,56,"Senior Named Account Executive, New York",,,233068,New York,55,tech affinity + AI/automation projects,yes,adzuna,https://www.adzuna.com/land/ad/5911043764?se=GA0u0ArA8RGompVZqO9Fmg&utm_medium=api&utm_source=946f5d01&v=9A5FE7BFE3E75653DD111B653F68A7D547EE269C
True,2026-10-04,56,"Sr. AdTech Account Executive, Ad Tech Sales",,,206697,Manhattan,55,tech affinity + AI/automation projects,yes,adzuna,https://www.adzuna.com/land/ad/5911064558?se=GA0u0ArA8RGompVZqO9Fmg&utm_medium=api&utm_source=946f5d01&v=279D2678E1DF253A9E0486874F88D9BEB2FC20C6
True,2026-10-04,56,"Senior Account Executive, LE, GTS",,,169267,Manhattan,55,tech affinity + AI/automation projects,yes,adzuna,https://www.adzuna.com/land/ad/5910968198?se=GA0u0ArA8RGompVZqO9Fmg&utm_medium=api&utm_source=946f5d01&v=5E943A6D3F1CE2B429DD62832CEB8992CD033A81
True,2026-10-04,56,"Territory Account Executive, NYC",,,132698,Nyc,55,tech affinity + AI/automation projects,yes,adzuna,https://www.adzuna.com/land/ad/5911058796?se=GA0u0ArA8RGompVZqO9Fmg&utm_medium=api&utm_source=946f5d01&v=116B75FD51AAD25D2E9C90F7741ED08EAB5850DE
True,2026-10-04,55,Mid-Market Account Executive (MarTech),,,208169,New York,55,consumer-facing sales background,yes,adzuna,https://www.adzuna.com/land/ad/5910865189?se=GA0u0ArA8RGompVZqO9Fmg&utm_medium=api&utm_source=946f5d01&v=BE8107911465424ABC3ABC253B3F8739ED94E460
True,2026-10-04,50,Enterprise Account Executive - Growth & Expansion,,,184438,Manhattan,55,5+ yrs sales/client-facing experience,yes,adzuna,https://www.adzuna.com/land/ad/5911059524?se=GA0u0ArA8RGompVZqO9Fmg&utm_medium=api&utm_source=946f5d01&v=446358ED7ECB01CC926BBBAB403CC6E451809F5D
True,2026-10-04,50,Account Executive- Indies (NYC/NJ),,,152218,Nyc,55,5+ yrs sales/client-facing experience,yes,adzuna,https://www.adzuna.com/land/ad/5910928466?se=GA0u0ArA8RGompVZqO9Fmg&utm_medium=api&utm_source=946f5d01&v=DB9C67CE2195B8BB496B12B824532D9F21227154
True,2026-10-04,50,Account Executive - Team Omnicom,,,140699,Manhattan,55,5+ yrs sales/client-facing experience,yes,adzuna,https://www.adzuna.com/land/ad/5911206832?se=GA0u0ArA8RGompVZqO9Fmg&utm_medium=api&utm_source=946f5d01&v=211BBC82D4417E197FF4D4554698AC4EE00106EC
True,2026-10-04,50,Senior Account Executive New York,,,133796,New York,55,5+ yrs sales/client-facing experience,yes,adzuna,https://www.adzuna.com/land/ad/5911107026?se=GA0u0ArA8RGompVZqO9Fmg&utm_medium=api&utm_source=946f5d01&v=6B419F235B448D4B495D9F218F74E1B493667222
True,2026-10-04,46,"Sales Manager, Enterprise Sales",,,193009,Manhattan,55,tech affinity + AI/automation projects,yes,adzuna,https://www.adzuna.com/land/ad/5910954036?se=UHYVzwrA8RGN96JAzfykhw&utm_medium=api&utm_source=946f5d01&v=1570EF87F414A845A1E23FE4FE9348E9573147F3
True,2026-10-04,44,"Publisher Sales Manager, SMB",,,130198,Manhattan,55,outbound prospecting (Mercedes-Benz),yes,adzuna,https://www.adzuna.com/land/ad/5911057296?se=UHYVzwrA8RGN96JAzfykhw&utm_medium=api&utm_source=946f5d01&v=29A485DCD028D202E9B85AEA229143803C844443
True,2026-10-04,39,Head of Business Development and Partnerships,,,149545,Manhattan,55,"⚠ director-level (a stretch at 5 yrs experience). retail sales background; strong AI/automation interest, built AI tools",yes,adzuna,https://www.adzuna.com/land/ad/5911288723?se=_oWxzwrA8RGdRLcUnFY4TA&utm_medium=api&utm_source=946f5d01&v=5A991F7B0856567C4E76F30E0909AB64CA9F88A2
True,2026-10-04,38,Strategic Account Executive (New York City),,,170267,New York,55,"⚠ pharma/medical industry experience expected. strong AI/automation interest, built AI tools",yes,adzuna,https://www.adzuna.com/land/ad/5911107009?se=GA0u0ArA8RGompVZqO9Fmg&utm_medium=api&utm_source=946f5d01&v=A254F43614EEDB4E44AAF55AA43CB5CF6598AAC7
True,2026-10-04,34,AI Governance Manager,,,181388,Manhattan,55,"tech affinity + AI/automation projects; strong AI/automation interest, built AI tools",yes,adzuna,https://www.adzuna.com/land/ad/5909623537?se=fqrA0ArA8RGN96JAzfykhw&utm_medium=api&utm_source=946f5d01&v=0A914662277F668F49623E49EE3F2F6CA5CB685A
True,2026-10-04,31,"Senior Director, Business Development (Pharma)",,,177179,Manhattan,55,⚠ director-level (a stretch at 5 yrs experience). tech affinity + AI/automation projects,yes,adzuna,https://www.adzuna.com/land/ad/5911030481?se=_oWxzwrA8RGdRLcUnFY4TA&utm_medium=api&utm_source=946f5d01&v=1B982E53ABF1E08123D12F84A9DE9096BFCD9ECA
True,2026-10-04,30,Customer Account Manager - Transportation & Logistics,,,130000,New Brunswick,10,⚠ logistics/freight industry experience expected. 5+ yrs sales/client-facing experience,no,jooble,https://jooble.org/away/-4618483352383759796?p=1&pos=20&rgn=30472&cid=15057&ckey=sales+manager&jobAge=273&brelb=10&scr=60.527416&bscr=60.527416&aq=-2161244726884905358&elckey=8301457000912746587
True,2026-10-04,26,Enterprise Account Executive (Healthcare & Life Sciences),,,285142,Manhattan,55,"⚠ pharma/medical industry experience expected; ⚠ healthcare industry experience expected. strong AI/automation interest, built AI tools",yes,adzuna,https://www.adzuna.com/land/ad/5911088158?se=GA0u0ArA8RGompVZqO9Fmg&utm_medium=api&utm_source=946f5d01&v=C205E727352B5187CECEE140C2BB5FFBBABABEF5
True,2026-10-04,26,Senior Sales Manager - Technology,,,243923,Manhattan,55,⚠ finance industry experience expected. tech affinity + AI/automation projects,yes,adzuna,https://www.adzuna.com/land/ad/5910865066?se=UHYVzwrA8RGN96JAzfykhw&utm_medium=api&utm_source=946f5d01&v=3B21B759E35327E309445783FF34963ED1E72500
True,2026-10-04,26,Sales & Business Development Associate *Software* Hybrid,,,131947,Manhattan (Hybrid),55,tech affinity + AI/automation projects,yes,adzuna,https://www.adzuna.com/land/ad/5911338086?se=_oWxzwrA8RGdRLcUnFY4TA&utm_medium=api&utm_source=946f5d01&v=F8B5D9FA8CF716663701D8A0941B80B07A860872
True,2026-10-04,20,Google Sales Capture Senior Manager,,,305074,Manhattan,55,,yes,adzuna,https://www.adzuna.com/land/ad/5910931734?se=UHYVzwrA8RGN96JAzfykhw&utm_medium=api&utm_source=946f5d01&v=0154F02EF2250F33FB918DF0FF2B1180EB01C36D
True,2026-10-04,20,"Business Development Senior Manager - Corporate, Mergers & Acquisitions, & Securities",,,249593,Manhattan,55,,yes,adzuna,https://www.adzuna.com/land/ad/5910834322?se=_oWxzwrA8RGdRLcUnFY4TA&utm_medium=api&utm_source=946f5d01&v=9CDB4BB3DE38B58CEA3A29E798455270A4051226
True,2026-10-04,20,"Regional Manager, Sales",,,146958,Manhattan,55,,yes,adzuna,https://www.adzuna.com/land/ad/5910977176?se=UHYVzwrA8RGN96JAzfykhw&utm_medium=api&utm_source=946f5d01&v=89C85453534B17B1D3E31D6A02377CBBDF644C8B
True,2026-10-04,16,"Vice President, Business Development, Retail Media",,,371286,Manhattan,55,⚠ executive-level (likely 10+ yrs leadership). retail sales background,yes,adzuna,https://www.adzuna.com/land/ad/5910930340?se=_oWxzwrA8RGdRLcUnFY4TA&utm_medium=api&utm_source=946f5d01&v=D6E0F309ADFB72976A426AD149330EEF7852FBA4
False,2026-10-03,64,Enterprise Account Executive — AgentPass,,,204296,Manhattan,55,"tech affinity + AI/automation projects; strong AI/automation interest, built AI tools",yes,adzuna,https://www.adzuna.com/land/ad/5908993147?se=GA0u0ArA8RGompVZqO9Fmg&utm_medium=api&utm_source=946f5d01&v=BA1F55B10C46BDC38F46F3F06834F933434AA415
False,2026-10-03,64,Business Development Representative,,,202135,Manhattan,55,"tech affinity + AI/automation projects; strong AI/automation interest, built AI tools",yes,adzuna,https://www.adzuna.com/land/ad/5909902977?se=_oWxzwrA8RGdRLcUnFY4TA&utm_medium=api&utm_source=946f5d01&v=8548D28B329457755068BE949BDFBBCB5685E9D9
False,2026-10-03,54,Account Executive - SMB,,,132984,Manhattan,55,outbound prospecting (Mercedes-Benz),yes,adzuna,https://www.adzuna.com/land/ad/5909598858?se=GA0u0ArA8RGompVZqO9Fmg&utm_medium=api&utm_source=946f5d01&v=EDAD1157408C7251AB8127CDADCB629B962E7B48
False,2026-10-03,50,Sales Consultant - Business Development,,,146060,Manhattan,55,5+ yrs sales/client-facing experience,yes,adzuna,https://www.adzuna.com/land/ad/5909013702?se=_oWxzwrA8RGdRLcUnFY4TA&utm_medium=api&utm_source=946f5d01&v=1F35CF05CFFF08B272B170B7A59BCE7052ABA261
False,2026-10-03,50,"Account Executive, SMB Sales - Midtown Manhattan",,,135079,Manhattan,55,5+ yrs sales/client-facing experience,yes,adzuna,https://www.adzuna.com/land/ad/5909574490?se=GA0u0ArA8RGompVZqO9Fmg&utm_medium=api&utm_source=946f5d01&v=2326AA85C102844FD16874A9D1AA2FCB8A09B788
False,2026-10-03,46,Client Technology - Customer Success Management - Role: Technical Customer Success Manager,,,148053,Unknown,,tech affinity + AI/automation projects,yes,adzuna,https://www.adzuna.com/land/ad/5908581762?se=fqrA0ArA8RGN96JAzfykhw&utm_medium=api&utm_source=946f5d01&v=A2B8DC287A923BB3A38DA570FCFD7F2D9370D390
False,2026-10-03,40,Senior Business Development Manager (Professional Services),,,192913,Manhattan,55,5+ yrs sales/client-facing experience,yes,adzuna,https://www.adzuna.com/land/ad/5908968781?se=_oWxzwrA8RGdRLcUnFY4TA&utm_medium=api&utm_source=946f5d01&v=8C44C37B91FF0D9B230683DA93F15E174FD63DB6
False,2026-10-03,40,Sr Sales Manager,,,145267,Trenton,45,5+ yrs sales/client-facing experience,yes,adzuna,https://www.adzuna.com/land/ad/5909923510?se=UHYVzwrA8RGN96JAzfykhw&utm_medium=api&utm_source=946f5d01&v=63510D44DC2D20506F7E585DEA45C42D5020EFE7
False,2026-10-03,25,"Senior Manager, Business Development & Strategic Partnerships",,,264947,Manhattan,55,consumer-facing sales background,yes,adzuna,https://www.adzuna.com/land/ad/5908968334?se=_oWxzwrA8RGdRLcUnFY4TA&utm_medium=api&utm_source=946f5d01&v=D2B9C638D65C45DD4F8E58DA09ACDB916C75D9D1
False,2026-10-03,20,"Senior Sales Operations Manager, Americas",,,178785,Manhattan,55,,yes,adzuna,https://www.adzuna.com/land/ad/5909553093?se=UHYVzwrA8RGN96JAzfykhw&utm_medium=api&utm_source=946f5d01&v=84BE5CACCD8829998EFB30B75B4C0B32961CE6D7
False,2026-10-02,64,"Account Executive, PBM",,,184843,Manhattan,55,"tech affinity + AI/automation projects; strong AI/automation interest, built AI tools",yes,adzuna,https://www.adzuna.com/land/ad/5906929775?se=GA0u0ArA8RGompVZqO9Fmg&utm_medium=api&utm_source=946f5d01&v=38413B653868FB168E9AC34AC027C73912751C2C
False,2026-10-02,51,Business Development Representative (SaaS Sales),,,133995,Manhattan,55,"⚠ industrial sales experience expected. tech affinity + AI/automation projects; strong AI/automation interest, built AI tools",yes,adzuna,https://www.adzuna.com/land/ad/5907107074?se=_oWxzwrA8RGdRLcUnFY4TA&utm_medium=api&utm_source=946f5d01&v=66A4435E1291C61FB7B2B890EFFBE31ACAB67DBF
False,2026-10-02,40,Sr Client Success Manager,,,136906,Unknown,,5+ yrs sales/client-facing experience,yes,adzuna,https://www.adzuna.com/land/ad/5907001591?se=fqrA0ArA8RGN96JAzfykhw&utm_medium=api&utm_source=946f5d01&v=DCDF8F2ED5FEB6EF14D0AFF3BF35A78E89444ED1
False,2026-10-02,30,Logistics & Transportation Sales Account Manager,,,145000,New Brunswick,10,⚠ logistics/freight industry experience expected. 5+ yrs sales/client-facing experience,no,jooble,https://jooble.org/away/2716508580299025328?p=1&pos=15&rgn=30472&cid=15057&ckey=sales+manager&jobAge=273&brelb=10&scr=69.783104&bscr=69.783104&aq=-2161244726884905358&elckey=8301457000912746587
False,2026-10-02,25,"Product Manager, Sales & Marketing Platform",,,191186,Manhattan,55,consumer-facing sales background,yes,adzuna,https://www.adzuna.com/land/ad/5907305954?se=UHYVzwrA8RGN96JAzfykhw&utm_medium=api&utm_source=946f5d01&v=843DE02B6D650920B4AE7EC94A77326E886EE1D4
False,2026-10-02,20,Residential Mortgage Sales Manager,,,134773,Manhattan,55,⚠ finance industry experience expected. 5+ yrs sales/client-facing experience,yes,adzuna,https://www.adzuna.com/land/ad/5907988350?se=UHYVzwrA8RGN96JAzfykhw&utm_medium=api&utm_source=946f5d01&v=C057C822E21BAC51891AA31A884865839D700A63
False,2026-10-01,64,Account Executive - Enterprise,,,171768,Manhattan,55,"tech affinity + AI/automation projects; strong AI/automation interest, built AI tools",yes,adzuna,https://www.adzuna.com/land/ad/5911030441?se=GA0u0ArA8RGompVZqO9Fmg&utm_medium=api&utm_source=946f5d01&v=A068FE497A6BAC6334EB29D5C96FF54A3F23E923
False,2026-10-01,50,"Executive Director, Client Success Team Lead - Chase Media Solutions",,,204899,New York,55,5+ yrs sales/client-facing experience,yes,adzuna,https://www.adzuna.com/details/5904344717?utm_medium=api&utm_source=946f5d01
False,2026-10-01,50,Enterprise Account Executive - Northeast,,,180000,New Brunswick,10,5+ yrs sales/client-facing experience,no,jooble,https://jooble.org/desc/-1993968859113422986?ckey=account+executive&rgn=30472&pos=9&groupId=15382&elckey=3843684258801830413&p=1&aq=-4122717472885891275&cid=15057&jobAge=57&brelb=110&bscr=50.389618&scr=50.389618
False,2026-10-01,50,Enterprise Account Executive - CPG Ads,,,133599,Manhattan,55,5+ yrs sales/client-facing experience,yes,adzuna,https://www.adzuna.com/land/ad/5910930484?se=GA0u0ArA8RGompVZqO9Fmg&utm_medium=api&utm_source=946f5d01&v=7138DE434272383A60F10DEF08E97AB838AE5C41
False,2026-10-01,40,Senior Professional Service Sales Manager - Remote,,,180607,Remote,0,5+ yrs sales/client-facing experience,yes,adzuna,https://www.adzuna.com/land/ad/5898854323?se=UHYVzwrA8RGN96JAzfykhw&utm_medium=api&utm_source=946f5d01&v=4303DACB38C8CB851672D0C7828A6FEC5B57BD65
False,2026-10-01,40,"Senior Client Success Manager, Enterprise (Staffing)",,,162958,Manhattan,55,5+ yrs sales/client-facing experience,yes,adzuna,https://www.adzuna.com/land/ad/5905515292?se=fqrA0ArA8RGN96JAzfykhw&utm_medium=api&utm_source=946f5d01&v=D963B4F9AA8F2C9059F345C78A1FE928B8D21E46
False,2026-10-01,30,"Account Executive, Ad Sales",,,133754,Manhattan,55,⚠ requires 25+ yrs experience (resume: ~5). consumer-facing sales background,yes,adzuna,https://www.adzuna.com/land/ad/5911079744?se=GA0u0ArA8RGompVZqO9Fmg&utm_medium=api&utm_source=946f5d01&v=6C61D92C89B787BC1A42584A2FBF3315C7D72499
False,2026-10-01,25,"Head of Client Services, Private Markets",,,280000,Manhattan,55,⚠ director-level (a stretch at 5 yrs experience),yes,adzuna,https://www.adzuna.com/details/5904527387?utm_medium=api&utm_source=946f5d01
False,2026-10-01,20,"NYL Ventures - Director, Business Development",,,233702,Manhattan,55,,yes,adzuna,https://www.adzuna.com/land/ad/5898854324?se=_oWxzwrA8RGdRLcUnFY4TA&utm_medium=api&utm_source=946f5d01&v=F3151880C2FF567CC9FB362E469655787AB6E311
False,2026-10-01,20,"Senior Client Success Manager, Enterprise (Logistics, Trades, and Labor)",,,230489,Manhattan,55,⚠ logistics/freight industry experience expected. 5+ yrs sales/client-facing experience,yes,adzuna,https://www.adzuna.com/land/ad/5905515254?se=fqrA0ArA8RGN96JAzfykhw&utm_medium=api&utm_source=946f5d01&v=FCD9E488D7A2A1F80C1EDE8C96926B739838B545
False,2026-09-30,68,Account Executive - Portfolio,,,292000,Iselin,15,"tech affinity + AI/automation projects; strong AI/automation interest, built AI tools; sales negotiation experience",yes,jooble,https://jooble.org/away/-7560110035333381216?p=1&pos=1&rgn=30472&cid=15057&ckey=sales+manager&jobAge=104&brelb=10&scr=221.55371&bscr=221.55371&aq=-2161244726884905358&elckey=8301457000912746587
False,2026-09-29,50,Enterprise Business Development Representative - Remote,,,,Remote,0,5+ yrs sales/client-facing experience,yes,themuse,https://www.themuse.com/jobs/experian/enterprise-business-development-representative-remote-8537f3
False,2026-09-29,25,"Head of Business Development - USCC, Managing Director - Citi",,,221714,Manhattan,55,⚠ director-level (a stretch at 5 yrs experience),yes,adzuna,https://www.adzuna.com/land/ad/5902835237?se=_oWxzwrA8RGdRLcUnFY4TA&utm_medium=api&utm_source=946f5d01&v=7E7C4E573DAD6BFD43D0BBB2C3FEB59A3FF000DA
False,2026-09-27,20,Director of Revenue Accounting,,,240000,Edison,0,,no,jooble,https://jooble.org/away/-2348769638319411802?p=1&pos=13&rgn=30472&cid=15057&ckey=account+executive&jobAge=64&brelb=10&scr=45.825165&bscr=45.825165&aq=-4122717472885891275&elckey=3843684258801830413
False,2026-09-26,20,"Executive Director, National Sales Leader, Pulmonary Arterial Hypertension (PAH)",,,,Rahway,20,,yes,jooble,https://jooble.org/away/997133404307604657?p=1&pos=11&rgn=30472&cid=15057&ckey=sales+manager&jobAge=225&brelb=15&scr=78.656425&bscr=78.656425&aq=-2161244726884905358&elckey=8301457000912746587
False,2026-09-25,20,"ETF & RIA Business Development Specialist, West Region",,,165871,Remote,0,,yes,adzuna,https://www.adzuna.com/land/ad/5897658204?se=_oWxzwrA8RGdRLcUnFY4TA&utm_medium=api&utm_source=946f5d01&v=446FAB0A6C8798925F61599A704D0B598670B8A4
False,2026-09-24,64,Enterprise Account Executive (Financial Services),,,272564,Manhattan,55,"tech affinity + AI/automation projects; strong AI/automation interest, built AI tools",yes,adzuna,https://www.adzuna.com/land/ad/5911044415?se=GA0u0ArA8RGompVZqO9Fmg&utm_medium=api&utm_source=946f5d01&v=AB5F251EBE76DF2BF4B8B4760D55A66418E330F7
False,2026-09-23,23,Debt Capital Markets -Business Development,,,150216,Manhattan,55,pipeline building experience,yes,adzuna,https://www.adzuna.com/land/ad/5895153337?se=_oWxzwrA8RGdRLcUnFY4TA&utm_medium=api&utm_source=946f5d01&v=7A93201496CD994D173E19E5F134DB1802E06FC4
False,2026-09-20,48,"Premium Support Business Development Manager, AWS Enterprise Support",,,163884,Manhattan,55,"strong AI/automation interest, built AI tools",yes,adzuna,https://www.adzuna.com/land/ad/5886264106?se=_oWxzwrA8RGdRLcUnFY4TA&utm_medium=api&utm_source=946f5d01&v=38B67A575E2D7E1198E442A0A83B378E70CBCC79
False,2026-09-20,25,Senior Business Development Director,,,178165,Manhattan,55,⚠ director-level (a stretch at 5 yrs experience),yes,adzuna,https://www.adzuna.com/land/ad/5891654115?se=_oWxzwrA8RGdRLcUnFY4TA&utm_medium=api&utm_source=946f5d01&v=13D79CFA7389F0E86F8F423E91A641B4342C8226
False,2026-09-19,28,Sales Director- Regional Enterprise Expansion,,,,Edison,0,⚠ director-level (a stretch at 5 yrs experience). pipeline building experience,yes,jooble,https://jooble.org/desc/-3161062892655652867?ckey=sales+manager&rgn=30472&pos=8&groupId=104&elckey=8301457000912746587&p=1&aq=-2161244726884905358&cid=15057&jobAge=33&brelb=110&bscr=96.95017&scr=96.95017
False,2026-09-18,15,"Business Development Manager- IPOs, Listings & Private Mrkts",,,140370,Manhattan,55,⚠ requires 10+ yrs experience (resume: ~5). 5+ yrs sales/client-facing experience,yes,adzuna,https://www.adzuna.com/land/ad/5773548146?se=_oWxzwrA8RGdRLcUnFY4TA&utm_medium=api&utm_source=946f5d01&v=05E1EDC178867A56E37DF6A702A300D73A2163A3
False,2026-09-17,58,"Account Executive, Mid-Market",,,149951,Manhattan,55,"strong AI/automation interest, built AI tools",yes,adzuna,https://www.adzuna.com/land/ad/5910856484?se=GA0u0ArA8RGompVZqO9Fmg&utm_medium=api&utm_source=946f5d01&v=C53EED28B84FEBC5B8A429C243492982ADFFFFAF
False,2026-09-16,54,Customer Success Manager,,,160000,New York,55,"tech affinity + AI/automation projects; strong AI/automation interest, built AI tools",yes,adzuna,https://www.adzuna.com/details/5880931422?utm_medium=api&utm_source=946f5d01
False,2026-09-14,20,Area Service Sales Leader-Northeast,,,,Edison,0,,yes,jooble,https://jooble.org/away/4876952002990835901?p=1&pos=10&rgn=30472&cid=15057&ckey=sales+manager&jobAge=33&brelb=100&scr=80.57983&bscr=80.57983&aq=-2161244726884905358&elckey=8301457000912746587
False,2026-09-12,54,Sales Manager,,,150000,Woodbridge (Hybrid),20,tech affinity + AI/automation projects; retail sales background,yes,jooble,https://jooble.org/away/-4284944263049365385?p=1&pos=2&rgn=30472&cid=15057&ckey=sales+manager&jobAge=81&brelb=10&scr=205.00916&bscr=205.00916&aq=-2161244726884905358&elckey=8301457000912746587
False,2026-09-12,46,PubSec District Sales Manager,,,157839,Trenton,45,tech affinity + AI/automation projects,yes,adzuna,https://www.adzuna.com/land/ad/5880934412?se=UHYVzwrA8RGN96JAzfykhw&utm_medium=api&utm_source=946f5d01&v=BF944BF9DD6B419B5712131AA4A9EC0FDE63AB6F
False,2026-09-11,27,Sales Leader,,,250000,New York (Hybrid),55,pipeline building experience; sales negotiation experience,yes,poelgroup,https://jobs.poelgroup.com/jb/Sales-Leader-Jobs-in-Brooklyn-New-York/14304494
False,2026-09-11,20,"Salesforce Administrator #171 Save Queens, New York · In-House · Hybrid 40 hrs/week $110k - $145k Published Sep 10, 2026",,,145000,New York (Hybrid),55,,no,candibots,https://candibots.com/jobs/171
False,2026-09-10,56,Senior Relationship Manager,,,140000,Remote,0,tech affinity + AI/automation projects,yes,adzuna,https://www.adzuna.com/details/5878098231?utm_medium=api&utm_source=946f5d01
False,2026-09-10,49,Market Research,,,,Remote,0,B2B client experience (Star Communications); tech affinity + AI/automation projects; multi-channel lead nurturing,yes,remoteok,https://remoteOK.com/remote-jobs/remote-market-research-grow10x-1136216
False,2026-09-10,17,"Area Sales Manager - Food Service (NJ, NY, CT)",,,143008,Manhattan,55,⚠ logistics/freight industry experience expected; ⚠ insurance industry experience expected. tech affinity + AI/automation projects; retail sales background,yes,adzuna,https://www.adzuna.com/land/ad/5910529678?se=UHYVzwrA8RGN96JAzfykhw&utm_medium=api&utm_source=946f5d01&v=E6F8B2163B9A815A290F4AB2967BAF6671F76F0D
False,2026-09-09,20,Retirement Sales Lead,,,145000,Somerset,30,,no,jooble,https://jooble.org/away/7329936256121826236?p=1&pos=14&rgn=30472&cid=15057&ckey=sales+manager&jobAge=105&brelb=10&scr=71.966934&bscr=71.966934&aq=-2161244726884905358&elckey=8301457000912746587
False,2026-09-06,40,CT National Sales Manager,,,171704,Trenton,45,5+ yrs sales/client-facing experience,yes,adzuna,https://www.adzuna.com/land/ad/5872996368?se=UHYVzwrA8RGN96JAzfykhw&utm_medium=api&utm_source=946f5d01&v=51533DC24B8B7F2543C37F79BCA62E5C7F577B2A
False,2026-09-04,50,Account Manager,,,130000,Manhattan,55,5+ yrs sales/client-facing experience,yes,adzuna,https://www.adzuna.com/details/5872827364?utm_medium=api&utm_source=946f5d01
False,2026-09-04,25,Business Development Director,,,182996,Manhattan,55,⚠ director-level (a stretch at 5 yrs experience),yes,adzuna,https://www.adzuna.com/land/ad/5891654125?se=_oWxzwrA8RGdRLcUnFY4TA&utm_medium=api&utm_source=946f5d01&v=3BD9D14B20DB0F08855067B79198467564606883
False,2026-09-03,60,"B2B SALES REPRESENTATIVE | BROOKLYN, NY · $100,000 BASE + $200,000 - 2546",,Racheli@bhirednyc.com,200000,Brooklyn,85,B2B client experience (Star Communications),yes,bhired,https://recruiterflow.com/Bhired/jobs/2546?widget=1
False,2026-09-01,40,Business Development Manager - Metro New York,,,141690,New York,55,5+ yrs sales/client-facing experience,yes,adzuna,https://www.adzuna.com/land/ad/5910697849?se=_oWxzwrA8RGdRLcUnFY4TA&utm_medium=api&utm_source=946f5d01&v=F04B51F1B759C9EFC1137292B7CDB183069170F2
False,2026-09-01,40,Enrollment Manager (Sales Manager),,,136065,Manhattan,55,5+ yrs sales/client-facing experience,yes,adzuna,https://www.adzuna.com/land/ad/5864817466?se=UHYVzwrA8RGN96JAzfykhw&utm_medium=api&utm_source=946f5d01&v=DA8B2271AB705B887270811856E62519D3806EDC
False,2026-08-30,20,Client Success Manager - Banking & Financial Services Industry,,,177493,New York (Hybrid),55,⚠ finance industry experience expected. 5+ yrs sales/client-facing experience,yes,adzuna,https://www.adzuna.com/land/ad/5861850371?se=fqrA0ArA8RGN96JAzfykhw&utm_medium=api&utm_source=946f5d01&v=24A457B9B5ADB8E060E3C426E48115FCFF64F3E2
False,2026-08-28,48,"Senior Business Development Manager, Business Development, AWS Enterprise Support",,,296092,Manhattan,55,"strong AI/automation interest, built AI tools",yes,adzuna,https://www.adzuna.com/land/ad/5859191036?se=_oWxzwrA8RGdRLcUnFY4TA&utm_medium=api&utm_source=946f5d01&v=EC9BF17A9F352E3B89CD1BCE69D2A2693E8F766B
False,2026-08-28,43,Senior Partner Sales Manager - Salesforce,,,133606,Manhattan,55,goal-oriented sales environments,yes,adzuna,https://www.adzuna.com/land/ad/5834275963?se=UHYVzwrA8RGN96JAzfykhw&utm_medium=api&utm_source=946f5d01&v=A992C38E8B927DCB34C8AB0617B3BA32BDC45C4E
False,2026-08-27,20,"BUSINESS DEVELOPMENT EXECUTIVE | BROOKLYN/MONSEY, NY · $60,000–$80,000 BASE + COMMISSION (OTE $250K) - 2531",,,250000,Brooklyn,85,,no,bhired,https://recruiterflow.com/Bhired/jobs/2531?widget=1
False,2026-08-26,25,"Senior Director, Sales (Management)",,,376166,Manhattan,55,⚠ director-level (a stretch at 5 yrs experience),yes,adzuna,https://www.adzuna.com/land/ad/5855625572?se=UHYVzwrA8RGN96JAzfykhw&utm_medium=api&utm_source=946f5d01&v=4495CB0D410C07B5467564CFC0456FC037D59DD1
False,2026-08-25,57,Regional Sales Manager - Remote,,,149675,Remote,0,"tech affinity + AI/automation projects; strong AI/automation interest, built AI tools; pipeline building experience",yes,adzuna,https://www.adzuna.com/land/ad/5849865145?se=UHYVzwrA8RGN96JAzfykhw&utm_medium=api&utm_source=946f5d01&v=3975DD1D700DDD1A443ADABD731DDA60AEBD9B60
False,2026-08-25,50,Position Details: Client Partner CPG-Customer Relationship Management,,,,Edison,0,5+ yrs sales/client-facing experience,yes,jooble,https://jooble.org/away/-7797380312319197955?p=1&pos=10&rgn=30472&cid=15057&ckey=account+executive&jobAge=33&brelb=100&scr=49.750786&bscr=49.750786&aq=-4122717472885891275&elckey=3843684258801830413
False,2026-08-22,40,Commercial Sales Manager,,,165210,Manhattan,55,5+ yrs sales/client-facing experience,yes,adzuna,https://www.adzuna.com/land/ad/5851938280?se=UHYVzwrA8RGN96JAzfykhw&utm_medium=api&utm_source=946f5d01&v=A237CAB25CB93FBC20B3C37070BC2C9D19DC3F71
False,2026-08-21,36,PR Account Director- B2B Tech,,,166633,New York (Hybrid),55,B2B client experience (Star Communications); tech affinity + AI/automation projects,yes,adzuna,https://www.adzuna.com/details/5850492992?utm_medium=api&utm_source=946f5d01
False,2026-08-19,61,Corporate Account Executive,,,146808,Manhattan,55,tech affinity + AI/automation projects; consumer-facing sales background,yes,adzuna,https://www.adzuna.com/land/ad/5910837525?se=GA0u0ArA8RGompVZqO9Fmg&utm_medium=api&utm_source=946f5d01&v=036303AA2EB69BBA78B57EA92FDC698ADAC2A764
False,2026-08-19,56,Mid-Market Account Executive,,,142404,Manhattan,55,tech affinity + AI/automation projects,yes,adzuna,https://www.adzuna.com/land/ad/5907018980?se=GA0u0ArA8RGompVZqO9Fmg&utm_medium=api&utm_source=946f5d01&v=4808FAD0ECC4C6B29364BCA7060B90128F410028
False,2026-08-13,50,Enterprise Account Executive - Northeast,,,151840,Unknown,,5+ yrs sales/client-facing experience,yes,adzuna,https://www.adzuna.com/land/ad/5909400715?se=GA0u0ArA8RGompVZqO9Fmg&utm_medium=api&utm_source=946f5d01&v=0E5910BED4733815708BA1A46A9DDCA829A0546C
False,2026-08-13,28,IBM Business Development Senior Manager,,,331628,Unknown,,"strong AI/automation interest, built AI tools",yes,adzuna,https://www.adzuna.com/land/ad/5910990075?se=_oWxzwrA8RGdRLcUnFY4TA&utm_medium=api&utm_source=946f5d01&v=FB25B4D36718CEDCC140ED69A4208644BF3E5274
False,2026-08-13,20,"Director, Concierge Business Development",,,207231,Manhattan,55,,yes,adzuna,https://www.adzuna.com/land/ad/5839308008?se=_oWxzwrA8RGdRLcUnFY4TA&utm_medium=api&utm_source=946f5d01&v=572F319949EAEEEF943D6413BBC208C50D83AFD5
False,2026-08-13,13,"Senior Director, Business Development - Fuze Health",,,157859,Unknown,,⚠ director-level (a stretch at 5 yrs experience); ⚠ healthcare industry experience expected,yes,adzuna,https://www.adzuna.com/land/ad/5906881070?se=_oWxzwrA8RGdRLcUnFY4TA&utm_medium=api&utm_source=946f5d01&v=F6445EAEBB5E7ABEAE1C1A4387A528B9E1047778
False,2026-08-12,33,Sales Development Representative Attributeâ,,,180000,Remote,0,tech affinity + AI/automation projects; multi-channel lead nurturing; pipeline building experience,yes,remoteok,https://remoteOK.com/remote-jobs/
False,2026-08-12,33,Area Sales Manager,,,135000,Newark,35,⚠ industrial sales experience expected. outbound prospecting (Mercedes-Benz); sales negotiation experience,yes,adzuna,https://www.adzuna.com/land/ad/5907063957?se=UHYVzwrA8RGN96JAzfykhw&utm_medium=api&utm_source=946f5d01&v=3E2500E4C1830EC9D6D75A98C5BF3C79DD642AE4
False,2026-08-09,44,Commercial Account Executive,,,172969,Manhattan,55,"⚠ finance industry experience expected. tech affinity + AI/automation projects; strong AI/automation interest, built AI tools",yes,adzuna,https://www.adzuna.com/land/ad/5910929886?se=GA0u0ArA8RGompVZqO9Fmg&utm_medium=api&utm_source=946f5d01&v=A07B8EA13BC4ABE0D6A04CF45E255BAC930C0E98
False,2026-08-07,20,"Director, Business Development - USG",,,163332,Unknown,,,yes,adzuna,https://www.adzuna.com/land/ad/5878363889?se=_oWxzwrA8RGdRLcUnFY4TA&utm_medium=api&utm_source=946f5d01&v=ECBECCE7177F10349C86F824319A3AB25F011F21
False,2026-08-05,40,Customer Success Manager - Job #2018,,,230000,Unknown,,5+ yrs sales/client-facing experience,yes,supremetalent,https://thesupremetalent.com/job-post?jobid=82514168-bc98-49f3-a3d4-47de0804c40c
False,2026-08-04,26,"Sales Manager, Logistic Systems",,,160000,Somerset,30,⚠ logistics/freight industry experience expected. tech affinity + AI/automation projects,no,jooble,https://jooble.org/away/3178715922446944990?p=1&pos=13&rgn=30472&cid=15057&ckey=sales+manager&jobAge=104&brelb=10&scr=71.966934&bscr=71.966934&aq=-2161244726884905358&elckey=8301457000912746587
False,2026-07-31,25,Regional Sales Manager,,,168567,Manhattan,55,⚠ industrial sales experience expected. 5+ yrs sales/client-facing experience,yes,adzuna,https://www.adzuna.com/land/ad/5859198069?se=UHYVzwrA8RGN96JAzfykhw&utm_medium=api&utm_source=946f5d01&v=CA249F72B1A0C27953AFE9D8745D810107085261
False,2026-07-29,43,"Senior Engagement Manager, Client Success",,,165000,New York,55,⚠ healthcare industry experience expected. consumer-facing sales background,yes,adzuna,https://www.adzuna.com/details/5800816725?utm_medium=api&utm_source=946f5d01
False,2026-07-25,21,Business Development Manager,,,,Remote,0,⚠ requires 28+ yrs experience (resume: ~5). tech affinity + AI/automation projects,yes,remoteok,https://remoteOK.com/remote-jobs/remote-business-development-manager-libertex-group-1137373
False,2026-07-23,20,Sales (55),,,,New York,55,,yes,macherusa,https://macherusa.com/sales
False,2026-07-22,46,Enterprise Client Success Manager,,,160000,Manhattan,55,tech affinity + AI/automation projects,yes,adzuna,https://www.adzuna.com/details/5810856951?utm_medium=api&utm_source=946f5d01
False,2026-07-21,50,"AMAZON 1P VENDOR ACCOUNT MANAGER | BROOKLYN, NY · $175K–$200K + COMMISSION - 2447",,Yosef@bhirednyc.com,200000,Brooklyn,85,5+ yrs sales/client-facing experience,yes,bhired,https://recruiterflow.com/Bhired/jobs/2447?widget=1
False,2026-07-21,40,"REGIONAL SALES MANAGER | BROOKLYN, NY · $85,000–$150,000 + COMMISSION - 2444",,,150000,Brooklyn,85,5+ yrs sales/client-facing experience,no,bhired,https://recruiterflow.com/Bhired/jobs/2444?widget=1
False,2026-07-19,56,Account Executive Core Commercial Sales,,,136711,Unknown,,tech affinity + AI/automation projects,yes,adzuna,https://www.adzuna.com/land/ad/5854218486?se=GA0u0ArA8RGompVZqO9Fmg&utm_medium=api&utm_source=946f5d01&v=C5C99DB8F82DB999D2349B624E869BBBA85CE847
False,2026-07-17,56,Sales Account Executive,,,135852,Unknown,,tech affinity + AI/automation projects,yes,adzuna,https://www.adzuna.com/land/ad/5863996841?se=GA0u0ArA8RGompVZqO9Fmg&utm_medium=api&utm_source=946f5d01&v=FC0761A48F62EFFDA52FCB3D88DE590390F425F8
False,2026-07-17,31,Director of Business Development,,,144227,Brooklyn,85,⚠ director-level (a stretch at 5 yrs experience). tech affinity + AI/automation projects,yes,adzuna,https://www.adzuna.com/land/ad/5226894665?se=_oWxzwrA8RGdRLcUnFY4TA&utm_medium=api&utm_source=946f5d01&v=85F6EA447BDE11BEA4465794CD13D4A3ECB47545
False,2026-07-17,20,"Dir, Business Development",,,221628,New York,55,,yes,adzuna,https://www.adzuna.com/land/ad/5777177896?se=_oWxzwrA8RGdRLcUnFY4TA&utm_medium=api&utm_source=946f5d01&v=D1E4A90CECEBA8CD088CEB46F5FA005334ECF05B
False,2026-07-16,63,Enterprise Account Executive,,,172249,Manhattan,55,"consumer-facing sales background; strong AI/automation interest, built AI tools",yes,adzuna,https://www.adzuna.com/land/ad/5910981243?se=GA0u0ArA8RGompVZqO9Fmg&utm_medium=api&utm_source=946f5d01&v=F35314D6E1FF72676B099258CA1FDC606C919E5E
False,2026-07-16,58,Account Executive,,,172034,Manhattan,55,A/V sales experience (Video & Audio Center),yes,adzuna,https://www.adzuna.com/land/ad/5910956794?se=GA0u0ArA8RGompVZqO9Fmg&utm_medium=api&utm_source=946f5d01&v=6295ED1CAEE46F153DB7F724C2E5235F5A0926D5
False,2026-07-16,56,Account Manager,,,,Brooklyn,85,tech affinity + AI/automation projects,yes,staffconnect,https://staffconnectny.catsone.com/careers/98575-General/jobs/15177421-Account-Manager/
False,2026-07-16,54,Sales Manager,,,440000,New York,55,"tech affinity + AI/automation projects; strong AI/automation interest, built AI tools",yes,adzuna,https://www.adzuna.com/details/5885825679?utm_medium=api&utm_source=946f5d01
False,2026-07-16,54,Business Development Manager,,,253294,Manhattan,55,"tech affinity + AI/automation projects; strong AI/automation interest, built AI tools",yes,adzuna,https://www.adzuna.com/land/ad/5842642331?se=_oWxzwrA8RGdRLcUnFY4TA&utm_medium=api&utm_source=946f5d01&v=613E15B31E5B7718F5C55FC60FA166E398536F4A
False,2026-07-16,54,Client Success Manager,,,149534,New York,55,"tech affinity + AI/automation projects; strong AI/automation interest, built AI tools",yes,adzuna,https://www.adzuna.com/details/5861040157?utm_medium=api&utm_source=946f5d01
False,2026-07-16,53,Senior Account Executive,,,,Edison,0,pipeline building experience,yes,jooble,https://jooble.org/away/1586127498942049390?p=1&pos=4&rgn=30472&cid=15057&ckey=sales+manager&jobAge=45&brelb=100&scr=163.1622&bscr=163.1622&aq=-2161244726884905358&elckey=8301457000912746587
False,2026-07-16,50,FIELD SALES SPECIALIST - 1731,,Yosef@bhirednyc.com,,Brooklyn,85,5+ yrs sales/client-facing experience,yes,bhired,https://recruiterflow.com/Bhired/jobs/1731?widget=1
False,2026-07-16,50,FIELD SALES SPECIALIST - 1384,,Yosef@bhirednyc.com,,Brooklyn,85,5+ yrs sales/client-facing experience,yes,bhired,https://recruiterflow.com/Bhired/jobs/1384?widget=1
False,2026-07-16,50,SALES REP - 967,,Koppel@bhirednyc.com,,Brooklyn,85,5+ yrs sales/client-facing experience,yes,bhired,https://recruiterflow.com/Bhired/jobs/967?widget=1
False,2026-07-16,50,Kitchen Salesman,,,,Brooklyn,85,5+ yrs sales/client-facing experience,yes,staffconnect,https://staffconnectny.catsone.com/careers/98575-General/jobs/15589493-Kitchen-Salesman/
False,2026-07-16,50,Salesman,,,,Brooklyn,85,5+ yrs sales/client-facing experience,yes,staffconnect,https://staffconnectny.catsone.com/careers/98575-General/jobs/15079621-Salesman/
False,2026-07-16,49,Business Development,,,,Remote,0,B2B client experience (Star Communications); tech affinity + AI/automation projects; multi-channel lead nurturing,yes,remoteok,https://remoteOK.com/remote-jobs/remote-business-development-grow10x-1136221
False,2026-07-16,46,Senior Client Success Manager,,,170000,Unknown,,tech affinity + AI/automation projects,yes,adzuna,https://www.adzuna.com/details/5907742661?utm_medium=api&utm_source=946f5d01
False,2026-07-16,46,Sales Manager,,,,Brooklyn,85,retail sales background,yes,staffconnect,https://staffconnectny.catsone.com/careers/98575-General/jobs/16363781-Sales-Manager/
False,2026-07-16,40,District Sales Manager,,,154582,Manhattan,55,5+ yrs sales/client-facing experience,yes,adzuna,https://www.adzuna.com/land/ad/5909423322?se=UHYVzwrA8RGN96JAzfykhw&utm_medium=api&utm_source=946f5d01&v=E02142D3F20399E08D6EC3147C708B26CBC037CF
False,2026-07-16,40,Senior Transient Sales Manager,,,153185,New York,55,5+ yrs sales/client-facing experience,yes,adzuna,https://www.adzuna.com/land/ad/5895069503?se=UHYVzwrA8RGN96JAzfykhw&utm_medium=api&utm_source=946f5d01&v=907C29DDA71490E36CE4138FA215DB038415F4EB
False,2026-07-16,39,INSURANCE SALES PRODUCER - 2068,,Koppel@bhirednyc.com,,New York,55,⚠ insurance industry experience expected. outbound prospecting (Mercedes-Benz),yes,bhired,https://recruiterflow.com/Bhired/jobs/2068?widget=1
False,2026-07-16,35,Insurance Account Executive,,,130000,New York,55,⚠ insurance industry experience expected. 5+ yrs sales/client-facing experience,no,ab-hires,https://ab-hires.com/job/insurance-account-executive/
False,2026-07-16,30,Outside Sales Representative – 3PL Logistics - Job #2099,,,150000,Edison,0,⚠ logistics/freight industry experience expected. 5+ yrs sales/client-facing experience,yes,supremetalent,https://thesupremetalent.com/job-post?jobid=28d7c2b0-d38c-4889-afe7-9cde08036a4d
False,2026-07-16,30,"PHARMACEUTICAL SALES REPRESENTATIVE | BROOKLYN, NY · BASE + COMMISSION - 2434",,Sapo@bhirednyc.com,,Brooklyn,85,⚠ pharma/medical industry experience expected. 5+ yrs sales/client-facing experience,yes,bhired,https://recruiterflow.com/Bhired/jobs/2434?widget=1
False,2026-07-16,25,Director of Development - NECHAMA - Jewish Response to Disaster,,,130000,Remote,0,⚠ director-level (a stretch at 5 yrs experience),yes,jewishstaffing,https://www.jewishstaffing.com/jobs/view/6a33558555a533b5830bab1d/director-of-development-at-nechama-jewish-response-to-disaster-in-minneapolis-mn
False,2026-07-16,25,Director of Sales,,,,Unknown,,⚠ director-level (a stretch at 5 yrs experience),yes,jooble,https://jooble.org/away/-4428414950669648986?p=1&pos=5&rgn=30472&cid=15057&ckey=sales+manager&jobAge=99&brelb=10&scr=149.71582&bscr=149.71582&aq=-2161244726884905358&elckey=8301457000912746587
False,2026-07-16,20,Sales in the Medical Industry,,resumes@staffconnectny.com  resumes@staffconnectny.comtext  347-471-1789,150000,Brooklyn,85,,yes,staffconnect,https://staffconnectny.catsone.com/careers/98575-General/jobs/16172875-Sales-in-the-Medical-Industry/
False,2026-07-16,20,Fintech and Gaming - Payments Sales Manager - Executive Director,,,130579,New York,55,⚠ finance industry experience expected. 5+ yrs sales/client-facing experience,yes,adzuna,https://www.adzuna.com/land/ad/5884583879?se=UHYVzwrA8RGN96JAzfykhw&utm_medium=api&utm_source=946f5d01&v=8B6372D50FEF903EF7EC60ED0CC483AB5C7B8996
False,2026-07-16,20,Interior Design Sales,,,,Unknown,,,yes,staffconnect,https://staffconnectny.catsone.com/careers/98575-General/jobs/16374904-Interior-Design-Sales/
